,test_accuracy,test_precision,test_recall,test_f1,test_auc,val_accuracy,val_f1,cv_mean,cv_std,best_params
Gradient Boosting,0.9847775175644028,0.9850187265917603,0.9905838041431262,0.9877934272300469,0.9994052928932501,0.9882869692532943,0.9905882352941177,0.9850359047584959,0.0036972991093434564,"{'learning_rate': 0.05, 'max_depth': 5, 'min_samples_split': 20, 'n_estimators': 100, 'subsample': 0.8}"
Random Forest,0.9765807962529274,0.9757914338919925,0.9868173258003766,0.9812734082397003,0.9982625223743973,0.9882869692532943,0.9906103286384976,0.9794354005509234,0.004409995788288767,"{'max_depth': 15, 'max_features': 'sqrt', 'min_samples_leaf': 5, 'min_samples_split': 10, 'n_estimators': 100}"
SVM,0.9332552693208431,0.9438202247191011,0.9491525423728814,0.9464788732394366,0.9840915848944395,0.9267935578330894,0.9408983451536643,0.9434849909596432,0.007917581067684679,"{'C': 1, 'gamma': 'scale', 'kernel': 'rbf'}"
Decision Tree,0.927400468384075,0.9483747609942639,0.9340866290018832,0.9411764705882353,0.9753662987645251,0.9326500732064422,0.9462616822429907,0.9275758490518623,0.024843516843432042,"{'max_depth': 10, 'max_features': 'sqrt', 'min_samples_leaf': 5, 'min_samples_split': 10}"
Logistic Regression,0.914519906323185,0.9209558823529411,0.943502824858757,0.932093023255814,0.973308145738224,0.8945827232796486,0.9158878504672897,0.9352118165097979,0.006871407028299663,"{'C': 0.1, 'penalty': 'l2', 'solver': 'lbfgs'}"
