,test_accuracy,test_precision,test_recall,test_f1,test_auc,val_accuracy,val_f1,cv_mean,cv_std,train_accuracy,overfitting_flag,overfitting_reason,best_params
Gradient Boosting,0.9847775175644028,0.9832089552238806,0.992467043314501,0.9878163074039362,0.9992828531948016,0.986822840409956,0.9894242068155111,0.9847449983228198,0.004366772478470688,0.9981698389458272,False,,"{'learning_rate': 0.05, 'max_depth': 5, 'min_samples_split': 10, 'n_estimators': 100, 'subsample': 0.8}"
Random Forest,0.9672131147540983,0.9736346516007532,0.9736346516007532,0.9736346516007532,0.9957729151726109,0.9546120058565154,0.9630512514898689,0.964933002806084,0.0029373737641191925,0.9838945827232797,False,,"{'max_depth': 10, 'max_features': 'sqrt', 'min_samples_leaf': 5, 'min_samples_split': 10, 'n_estimators': 50}"
Ensemble (Voting),0.9672131147540983,0.979047619047619,0.967984934086629,0.9734848484848485,0.9929859544174494,,,0.9670583782999097,0.00452561883237001,0.9747437774524158,False,,Voting from 5 models
QNN,0.9484777517564403,0.9709864603481625,0.9453860640301318,0.9580152671755725,0.9880067400138766,,,0.0,0.0,0.0,False,,PyTorch NN
SVM,0.9238875878220141,0.9379699248120301,0.9397363465160076,0.9388523047977423,0.9738911919213121,0.9092240117130308,0.9260143198090692,0.9391850596114241,0.005123764844720271,0.9271595900439239,False,,"{'C': 0.1, 'gamma': 'scale', 'kernel': 'linear'}"
Logistic Regression,0.9156908665105387,0.9242144177449169,0.9416195856873822,0.9328358208955224,0.9731623841924518,0.8931185944363104,0.9148191365227538,0.9344704502409165,0.0055167157700283685,0.921303074670571,False,,"{'C': 0.1, 'penalty': 'l2', 'solver': 'lbfgs'}"
Decision Tree,0.8114754098360656,0.8315412186379928,0.8738229755178908,0.852157943067034,0.8926145539988222,0.8067349926793558,0.8432304038004751,0.8902482228350743,0.028887197866751962,0.8942166910688141,False,,"{'max_depth': 15, 'max_features': 'sqrt', 'min_samples_leaf': 5, 'min_samples_split': 10}"
